{"custom_metrics": {}, "episode_media": {}, "info": {"learner": {"__all__": {"num_agent_steps_trained": 256.0, "num_env_steps_trained": 2048.0, "total_loss": 2.9639889895915985}, "default_policy": {"total_loss": 2.9639889895915985, "policy_loss": -0.00012546909662584463, "vf_loss": 5.929219762484233, "vf_loss_unclipped": 1651.2108917236328, "vf_explained_var": 0.015582124392191568, "entropy": 0.09912838165958722, "mean_kl_loss": 1.270368454431292e-06, "gradients_default_optimizer_global_norm": 0.3411298530797164, "default_optimizer_lr": 1e-05, "curr_lr": 1e-05, "curr_entropy_coeff": 0.005, "curr_kl_coeff": 0.10000000149011612}}, "num_env_steps_sampled": 2048, "num_env_steps_trained": 0, "num_agent_steps_sampled": 2048, "num_agent_steps_trained": 0}, "sampler_results": {"episode_reward_max": 100.0, "episode_reward_min": 100.0, "episode_reward_mean": 100.0, "episode_len_mean": 25.229166666666668, "episode_media": {}, "episodes_this_iter": 48, "policy_reward_min": {}, "policy_reward_max": {}, "policy_reward_mean": {}, "custom_metrics": {}, "hist_stats": {"episode_reward": [100.0, 100.0, 100.0, 100.0, 100.0, 100.0, 100.0, 100.0, 100.0, 100.0, 100.0, 100.0, 100.0, 100.0, 100.0, 100.0, 100.0, 100.0, 100.0, 100.0, 100.0, 100.0, 100.0, 100.0, 100.0, 100.0, 100.0, 100.0, 100.0, 100.0, 100.0, 100.0, 100.0, 100.0, 100.0, 100.0, 100.0, 100.0, 100.0, 100.0, 100.0, 100.0, 100.0, 100.0, 100.0, 100.0, 100.0, 100.0], "episode_lengths": [25, 25, 25, 26, 25, 25, 25, 26, 25, 25, 26, 26, 25, 25, 25, 26, 25, 25, 25, 25, 25, 25, 25, 26, 25, 25, 25, 26, 25, 25, 26, 26, 25, 25, 25, 25, 25, 25, 25, 25, 25, 25, 25, 25, 25, 25, 25, 27]}, "sampler_perf": {"mean_raw_obs_processing_ms": 1.9359454838132422, "mean_inference_ms": 1.691019885803798, "mean_action_processing_ms": 0.22364532216658803, "mean_env_wait_ms": 29.237961164236577, "mean_env_render_ms": 0.0}, "num_faulty_episodes": 0, "connector_metrics": {"StateBufferConnector_ms": 0.00678400198618571, "ViewRequirementAgentConnector_ms": 0.19034941991170248}}, "episode_reward_max": 100.0, "episode_reward_min": 100.0, "episode_reward_mean": 100.0, "episode_len_mean": 25.229166666666668, "episodes_this_iter": 48, "policy_reward_min": {}, "policy_reward_max": {}, "policy_reward_mean": {}, "hist_stats": {"episode_reward": [100.0, 100.0, 100.0, 100.0, 100.0, 100.0, 100.0, 100.0, 100.0, 100.0, 100.0, 100.0, 100.0, 100.0, 100.0, 100.0, 100.0, 100.0, 100.0, 100.0, 100.0, 100.0, 100.0, 100.0, 100.0, 100.0, 100.0, 100.0, 100.0, 100.0, 100.0, 100.0, 100.0, 100.0, 100.0, 100.0, 100.0, 100.0, 100.0, 100.0, 100.0, 100.0, 100.0, 100.0, 100.0, 100.0, 100.0, 100.0], "episode_lengths": [25, 25, 25, 26, 25, 25, 25, 26, 25, 25, 26, 26, 25, 25, 25, 26, 25, 25, 25, 25, 25, 25, 25, 26, 25, 25, 25, 26, 25, 25, 26, 26, 25, 25, 25, 25, 25, 25, 25, 25, 25, 25, 25, 25, 25, 25, 25, 27]}, "sampler_perf": {"mean_raw_obs_processing_ms": 1.9359454838132422, "mean_inference_ms": 1.691019885803798, "mean_action_processing_ms": 0.22364532216658803, "mean_env_wait_ms": 29.237961164236577, "mean_env_render_ms": 0.0}, "num_faulty_episodes": 0, "connector_metrics": {"StateBufferConnector_ms": 0.00678400198618571, "ViewRequirementAgentConnector_ms": 0.19034941991170248}, "num_healthy_workers": 12, "num_in_flight_async_reqs": 0, "num_remote_worker_restarts": 0, "num_agent_steps_sampled": 2048, "num_agent_steps_trained": 0, "num_env_steps_sampled": 2048, "num_env_steps_trained": 0, "num_env_steps_sampled_this_iter": 2048, "num_env_steps_trained_this_iter": 0, "num_env_steps_sampled_throughput_per_sec": 1157.562361553005, "num_env_steps_trained_throughput_per_sec": 0.0, "timesteps_total": 2048, "num_steps_trained_this_iter": 0, "agent_timesteps_total": 2048, "timers": {"training_iteration_time_ms": 1769.198, "sample_time_ms": 1495.388, "synch_weights_time_ms": 8.95}, "counters": {"num_env_steps_sampled": 2048, "num_env_steps_trained": 0, "num_agent_steps_sampled": 2048, "num_agent_steps_trained": 0}, "done": false, "episodes_total": 48, "training_iteration": 1, "trial_id": "default", "date": "2025-12-31_19-50-05", "timestamp": 1767181805, "time_this_iter_s": 1.7725567817687988, "time_total_s": 1.7725567817687988, "pid": 3601745, "hostname": "thinklab-105-223", "node_ip": "172.17.20.53", "config": {"extra_python_environs_for_driver": {}, "extra_python_environs_for_worker": {}, "num_gpus": 1, "num_cpus_per_worker": 1, "num_gpus_per_worker": 0, "_fake_gpus": false, "num_learner_workers": 0, "num_gpus_per_learner_worker": 0, "num_cpus_per_learner_worker": 1, "local_gpu_idx": 0, "custom_resources_per_worker": {}, "placement_strategy": "PACK", "eager_tracing": true, "eager_max_retraces": 20, "tf_session_args": {"intra_op_parallelism_threads": 2, "inter_op_parallelism_threads": 2, "gpu_options": {"allow_growth": true}, "log_device_placement": false, "device_count": {"CPU": 1}, "allow_soft_placement": true}, "local_tf_session_args": {"intra_op_parallelism_threads": 8, "inter_op_parallelism_threads": 8}, "torch_compile_learner": false, "torch_compile_learner_what_to_compile": "forward_train", "torch_compile_learner_dynamo_backend": "inductor", "torch_compile_learner_dynamo_mode": null, "torch_compile_worker": false, "torch_compile_worker_dynamo_backend": "onnxrt", "torch_compile_worker_dynamo_mode": null, "env": "single_vs_opponent", "env_config": {"triangle_size": 2, "max_iters": 200}, "observation_space": null, "action_space": null, "env_task_fn": null, "render_env": false, "clip_rewards": null, "normalize_actions": true, "clip_actions": true, "disable_env_checking": false, "auto_wrap_old_gym_envs": true, "action_mask_key": "action_mask", "_is_atari": null, "env_runner_cls": null, "num_envs_per_worker": 4, "sample_collector": "<class 'ray.rllib.evaluation.collectors.simple_list_collector.SimpleListCollector'>", "sample_async": false, "enable_connectors": true, "update_worker_filter_stats": true, "use_worker_filter_stats": true, "rollout_fragment_length": "auto", "batch_mode": "truncate_episodes", "remote_worker_envs": false, "remote_env_batch_wait_ms": 0, "validate_workers_after_construction": true, "preprocessor_pref": "deepmind", "observation_filter": "NoFilter", "compress_observations": false, "enable_tf1_exec_eagerly": false, "sampler_perf_stats_ema_coef": null, "gamma": 0.995, "lr": 1e-05, "grad_clip": 0.5, "grad_clip_by": "global_norm", "train_batch_size": 2048, "model": {"_disable_preprocessor_api": true, "_disable_action_flattening": false, "fcnet_hiddens": [256, 256], "fcnet_activation": "tanh", "conv_filters": null, "conv_activation": "relu", "post_fcnet_hiddens": [], "post_fcnet_activation": "relu", "free_log_std": false, "no_final_linear": false, "vf_share_layers": false, "use_lstm": false, "max_seq_len": 20, "lstm_cell_size": 256, "lstm_use_prev_action": false, "lstm_use_prev_reward": false, "_time_major": false, "use_attention": false, "attention_num_transformer_units": 1, "attention_dim": 64, "attention_num_heads": 1, "attention_head_dim": 32, "attention_memory_inference": 50, "attention_memory_training": 50, "attention_position_wise_mlp_dim": 32, "attention_init_gru_gate_bias": 2.0, "attention_use_n_prev_actions": 0, "attention_use_n_prev_rewards": 0, "framestack": true, "dim": 84, "grayscale": false, "zero_mean": true, "custom_model": null, "custom_model_config": {}, "custom_action_dist": null, "custom_preprocessor": null, "encoder_latent_dim": null, "always_check_shapes": false, "lstm_use_prev_action_reward": -1, "_use_default_native_models": -1}, "optimizer": {}, "max_requests_in_flight_per_sampler_worker": 2, "_learner_class": null, "_enable_learner_api": true, "explore": true, "exploration_config": {}, "algorithm_config_overrides_per_module": {}, "policy_map_capacity": 100, "policy_mapping_fn": "<function AlgorithmConfig.DEFAULT_POLICY_MAPPING_FN at 0x7fe71b000ca0>", "policies_to_train": null, "policy_states_are_swappable": false, "observation_fn": null, "count_steps_by": "env_steps", "input_config": {}, "actions_in_input_normalized": false,